complaints,Zip
2675,10019
2675,10019
2675,10019
2675,10019
2675,10019
2675,10019
2675,10019
2675,10019
2675,10019
2675,10019
2675,10019
2675,10019
2675,10019
2675,10019
2675,10019
2675,10019
2675,10019
2675,10019
2675,10019
2675,10019
2675,10019
2675,10019
2675,10019
2675,10019
2675,10019
2675,10019
2675,10019
2675,10019
2675,10019
2675,10019
2675,10019
2675,10019
2675,10019
2675,10019
2675,10019
2675,10019
2675,10019
2675,10019
2675,10019
2675,10019
2675,10019
2675,10019
2675,10019
2675,10019
2675,10019
2675,10019
2675,10019
2675,10019
2675,10019
2675,10019
2675,10019
2675,10019
2675,10019
2675,10019
2675,10019
2675,10019
2675,10019
2675,10019
2675,10019
2675,10019
2675,10019
2675,10019
2675,10019
2675,10019
2675,10019
2675,10019
2675,10019
2675,10019
2675,10019
2675,10019
2675,10019
2675,10019
2675,10019
2675,10019
2675,10019
2675,10019
2675,10019
2675,10019
2675,10019
2675,10019
2675,10019
2675,10019
2675,10019
2675,10019
2675,10019
2675,10019
2675,10019
2675,10019
2675,10019
2675,10019
2675,10019
2675,10019
2675,10019
2675,10019
2675,10019
2675,10019
2675,10019
2675,10019
2675,10019
2675,10019
2675,10019
2675,10019
2675,10019
2675,10019
2675,10019
2675,10019
2675,10019
2675,10019
2675,10019
2675,10019
2675,10019
2675,10019
2675,10019
2675,10019
2675,10019
2675,10019
2675,10019
2675,10019
2675,10019
2675,10019
2675,10019
2675,10019
2675,10019
2675,10019
2675,10019
2675,10019
2675,10019
2675,10019
2675,10019
2675,10019
2675,10019
2675,10019
2675,10019
2675,10019
2675,10019
2675,10019
2675,10019
2675,10019
2675,10019
2675,10019
2675,10019
2675,10019
2675,10019
2675,10019
2675,10019
2675,10019
2675,10019
2675,10019
2675,10019
2675,10019
2675,10019
2675,10019
2675,10019
2675,10019
2675,10019
2675,10019
2675,10019
2675,10019
2675,10019
2675,10019
2675,10019
2675,10019
2675,10019
2675,10019
2675,10019
2675,10019
2675,10019
2675,10019
2675,10019
2675,10019
2675,10019
2675,10019
2675,10019
2675,10019
2675,10019
2675,10019
2675,10019
2675,10019
2675,10019
2675,10019
2675,10019
2675,10019
2675,10019
2675,10019
2675,10019
2675,10019
2675,10019
2675,10019
2675,10019
2675,10019
2675,10019
2675,10019
2675,10019
2675,10019
2675,10019
2675,10019
2675,10019
2675,10019
2675,10019
2675,10019
2675,10019
2675,10019
2675,10019
2675,10019
2675,10019
2675,10019
2675,10019
2675,10019
2675,10019
2675,10019
2675,10019
2675,10019
2675,10019
2675,10019
2675,10019
2675,10019
2675,10019
2675,10019
2675,10019
2675,10019
2675,10019
2675,10019
2675,10019
2675,10019
2675,10019
2675,10019
2675,10019
2675,10019
2675,10019
2675,10019
2675,10019
2675,10019
2675,10019
2675,10019
2675,10019
2675,10019
2675,10019
2675,10019
2675,10019
2675,10019
2675,10019
2675,10019
2675,10019
2675,10019
2675,10019
2675,10019
2675,10019
2675,10019
2675,10019
2675,10019
2675,10019
2675,10019
2675,10019
2675,10019
2675,10019
2675,10019
2675,10019
2675,10019
2675,10019
2675,10019
2675,10019
2675,10019
2675,10019
2675,10019
2675,10019
2675,10019
2675,10019
2675,10019
2675,10019
2675,10019
2675,10019
2675,10019
2675,10019
2675,10019
2675,10019
2675,10019
2675,10019
2675,10019
2675,10019
2675,10019
2675,10019
2675,10019
2675,10019
2675,10019
2675,10019
2675,10019
2675,10019
2675,10019
2675,10019
2675,10019
2675,10019
2675,10019
2675,10019
2675,10019
2675,10019
2675,10019
2675,10019
2675,10019
2675,10019
2675,10019
2675,10019
2675,10019
2675,10019
2675,10019
2675,10019
2675,10019
2675,10019
2675,10019
2675,10019
2675,10019
2675,10019
2675,10019
2675,10019
2675,10019
2675,10019
2675,10019
2675,10019
2675,10019
2675,10019
2675,10019
2675,10019
2675,10019
2675,10019
2675,10019
2675,10019
2675,10019
2675,10019
2675,10019
2675,10019
2675,10019
2675,10019
2675,10019
2675,10019
2675,10019
2675,10019
2675,10019
2675,10019
2675,10019
2675,10019
2675,10019
2675,10019
2675,10019
2675,10019
2675,10019
2675,10019
2675,10019
2675,10019
2675,10019
2675,10019
2675,10019
2675,10019
2675,10019
2675,10019
2675,10019
2675,10019
2675,10019
2675,10019
2675,10019
2675,10019
2675,10019
2675,10019
2675,10019
2675,10019
2675,10019
2675,10019
2675,10019
2675,10019
2675,10019
2675,10019
2675,10019
2675,10019
2675,10019
2675,10019
2675,10019
2675,10019
2675,10019
2675,10019
2675,10019
2675,10019
2675,10019
2675,10019
2675,10019
2675,10019
2675,10019
2675,10019
2675,10019
2675,10019
2675,10019
2675,10019
2675,10019
2675,10019
2675,10019
2675,10019
2675,10019
2675,10019
2675,10019
2675,10019
2675,10019
2675,10019
2675,10019
2675,10019
2675,10019
2675,10019
2675,10019
2675,10019
2675,10019
2675,10019
2675,10019
2675,10019
2675,10019
2675,10019
2675,10019
2675,10019
2675,10019
2675,10019
2675,10019
2675,10019
2675,10019
2675,10019
2675,10019
2675,10019
2675,10019
2675,10019
2675,10019
2675,10019
2675,10019
2675,10019
2675,10019
2675,10019
2675,10019
2675,10019
2675,10019
2675,10019
2675,10019
2675,10019
2675,10019
2675,10019
2675,10019
2675,10019
2675,10019
2675,10019
2675,10019
2675,10019
2675,10019
2675,10019
2675,10019
2675,10019
2675,10019
2675,10019
2675,10019
2675,10019
2675,10019
2675,10019
2675,10019
2675,10019
2675,10019
2675,10019
2675,10019
2675,10019
2675,10019
2675,10019
2675,10019
2675,10019
2675,10019
2675,10019
2675,10019
2675,10019
2675,10019
2675,10019
2675,10019
2675,10019
1056,10022
1056,10022
1056,10022
1056,10022
1056,10022
1056,10022
1056,10022
1056,10022
1056,10022
1056,10022
1056,10022
1056,10022
1056,10022
1056,10022
1056,10022
1056,10022
1056,10022
1056,10022
1056,10022
1056,10022
1056,10022
1056,10022
1056,10022
1056,10022
1056,10022
1056,10022
1056,10022
1056,10022
1056,10022
1056,10022
1056,10022
1056,10022
1056,10022
1056,10022
1056,10022
1056,10022
1056,10022
1056,10022
1056,10022
1056,10022
1056,10022
1056,10022
1056,10022
1056,10022
1056,10022
1056,10022
1056,10022
1056,10022
1056,10022
1056,10022
1056,10022
1056,10022
1056,10022
1056,10022
1056,10022
1056,10022
1056,10022
1056,10022
1056,10022
1056,10022
1056,10022
1056,10022
1056,10022
1056,10022
1056,10022
1056,10022
1056,10022
1056,10022
1056,10022
1056,10022
1056,10022
1056,10022
1056,10022
1056,10022
1056,10022
1056,10022
1056,10022
1056,10022
1056,10022
1056,10022
1056,10022
1056,10022
1056,10022
1056,10022
1056,10022
1056,10022
1056,10022
1056,10022
1056,10022
1056,10022
1056,10022
1056,10022
1056,10022
1056,10022
1056,10022
1056,10022
1056,10022
1056,10022
1056,10022
1056,10022
1056,10022
1056,10022
1056,10022
1056,10022
1056,10022
1056,10022
1056,10022
1056,10022
1056,10022
1056,10022
1056,10022
1056,10022
1056,10022
1056,10022
1056,10022
1056,10022
1056,10022
1056,10022
1056,10022
1056,10022
1056,10022
1056,10022
1056,10022
1056,10022
1056,10022
1056,10022
1056,10022
1056,10022
1056,10022
1056,10022
1056,10022
1056,10022
1056,10022
1056,10022
1056,10022
1056,10022
1056,10022
1056,10022
1056,10022
1056,10022
1056,10022
1056,10022
1056,10022
1056,10022
1056,10022
1056,10022
1056,10022
1056,10022
1056,10022
1056,10022
1056,10022
1056,10022
1056,10022
1056,10022
1056,10022
1056,10022
1056,10022
1056,10022
1056,10022
1056,10022
1056,10022
1056,10022
1056,10022
1056,10022
1056,10022
1056,10022
1056,10022
1056,10022
1056,10022
1056,10022
1056,10022
1056,10022
1056,10022
1056,10022
1056,10022
1056,10022
1056,10022
1056,10022
1056,10022
1056,10022
1056,10022
1056,10022
1056,10022
1056,10022
1056,10022
1056,10022
1056,10022
1056,10022
1056,10022
1056,10022
1056,10022
1056,10022
1056,10022
1056,10022
1056,10022
1056,10022
1056,10022
1056,10022
1056,10022
1056,10022
1056,10022
1056,10022
1056,10022
1056,10022
1056,10022
1056,10022
1056,10022
1056,10022
1056,10022
1056,10022
1056,10022
1056,10022
1056,10022
1056,10022
1056,10022
1056,10022
1056,10022
1056,10022
1056,10022
1056,10022
1056,10022
1056,10022
1056,10022
1056,10022
1056,10022
1056,10022
1056,10022
1056,10022
1056,10022
1056,10022
1056,10022
1056,10022
1056,10022
1056,10022
1056,10022
1056,10022
1056,10022
1056,10022
1056,10022
1056,10022
1056,10022
1056,10022
1056,10022
1056,10022
1056,10022
1056,10022
1056,10022
1056,10022
1056,10022
1056,10022
1056,10022
1056,10022
1056,10022
1056,10022
1056,10022
1056,10022
1056,10022
1056,10022
1056,10022
1056,10022
1056,10022
1056,10022
1056,10022
1056,10022
1056,10022
1056,10022
1056,10022
1056,10022
1056,10022
1056,10022
1056,10022
1056,10022
1056,10022
1056,10022
1056,10022
1056,10022
1056,10022
1056,10022
1056,10022
1056,10022
1056,10022
1056,10022
1056,10022
1056,10022
1056,10022
1056,10022
1056,10022
1056,10022
1056,10022
1056,10022
1056,10022
1056,10022
1056,10022
1056,10022
1056,10022
1056,10022
1056,10022
1056,10022
1056,10022
1056,10022
1056,10022
1056,10022
1056,10022
1056,10022
1056,10022
1056,10022
1056,10022
1056,10022
1056,10022
1056,10022
1056,10022
1056,10022
1056,10022
1056,10022
1056,10022
1056,10022
1056,10022
1056,10022
1056,10022
1056,10022
1056,10022
1056,10022
1056,10022
1056,10022
1056,10022
1056,10022
1056,10022
1056,10022
1056,10022
1056,10022
1056,10022
1056,10022
1056,10022
1056,10022
1056,10022
1056,10022
1056,10022
1056,10022
1056,10022
1056,10022
1056,10022
1056,10022
1056,10022
1056,10022
1056,10022
1056,10022
1056,10022
1056,10022
1056,10022
1056,10022
1056,10022
1056,10022
1056,10022
1056,10022
1056,10022
1056,10022
1056,10022
1056,10022
1056,10022
1056,10022
1056,10022
1056,10022
1056,10022
1056,10022
1056,10022
1056,10022
1056,10022
1056,10022
1056,10022
1056,10022
6536,10036
6536,10036
6536,10036
6536,10036
6536,10036
6536,10036
6536,10036
6536,10036
6536,10036
6536,10036
6536,10036
6536,10036
6536,10036
6536,10036
6536,10036
6536,10036
6536,10036
6536,10036
6536,10036
6536,10036
6536,10036
6536,10036
6536,10036
6536,10036
6536,10036
6536,10036
6536,10036
6536,10036
6536,10036
6536,10036
6536,10036
6536,10036
6536,10036
6536,10036
6536,10036
6536,10036
6536,10036
6536,10036
6536,10036
6536,10036
6536,10036
6536,10036
6536,10036
6536,10036
6536,10036
6536,10036
6536,10036
6536,10036
6536,10036
6536,10036
6536,10036
6536,10036
6536,10036
6536,10036
6536,10036
6536,10036
6536,10036
6536,10036
6536,10036
6536,10036
6536,10036
6536,10036
6536,10036
6536,10036
6536,10036
6536,10036
6536,10036
6536,10036
6536,10036
6536,10036
6536,10036
6536,10036
6536,10036
6536,10036
6536,10036
6536,10036
6536,10036
6536,10036
6536,10036
6536,10036
6536,10036
6536,10036
6536,10036
6536,10036
6536,10036
6536,10036
6536,10036
6536,10036
6536,10036
6536,10036
6536,10036
6536,10036
6536,10036
6536,10036
6536,10036
6536,10036
6536,10036
6536,10036
6536,10036
6536,10036
6536,10036
6536,10036
6536,10036
6536,10036
6536,10036
6536,10036
6536,10036
6536,10036
6536,10036
6536,10036
6536,10036
6536,10036
6536,10036
6536,10036
6536,10036
6536,10036
6536,10036
6536,10036
6536,10036
6536,10036
6536,10036
6536,10036
6536,10036
6536,10036
6536,10036
6536,10036
6536,10036
6536,10036
6536,10036
6536,10036
6536,10036
6536,10036
6536,10036
6536,10036
6536,10036
6536,10036
6536,10036
6536,10036
6536,10036
6536,10036
6536,10036
6536,10036
6536,10036
6536,10036
6536,10036
6536,10036
6536,10036
6536,10036
6536,10036
6536,10036
6536,10036
6536,10036
6536,10036
6536,10036
6536,10036
6536,10036
6536,10036
6536,10036
6536,10036
5441,10001
5441,10001
5441,10001
5441,10001
5441,10001
5441,10001
5441,10001
5441,10001
5441,10001
5441,10001
5441,10001
5441,10001
5441,10001
5441,10001
5441,10001
5441,10001
5441,10001
5441,10001
5441,10001
5441,10001
5441,10001
5441,10001
5441,10001
5441,10001
5441,10001
5441,10001
5441,10001
5441,10001
5441,10001
5441,10001
5441,10001
5441,10001
5441,10001
5441,10001
5441,10001
5441,10001
5441,10001
5441,10001
5441,10001
5441,10001
5441,10001
5441,10001
5441,10001
5441,10001
5441,10001
5441,10001
5441,10001
5441,10001
5441,10001
5441,10001
5441,10001
5441,10001
5441,10001
5441,10001
5441,10001
5441,10001
5441,10001
5441,10001
5441,10001
5441,10001
5441,10001
5441,10001
5441,10001
5441,10001
5441,10001
5441,10001
5441,10001
5441,10001
5441,10001
5441,10001
5441,10001
5441,10001
5441,10001
5441,10001
5441,10001
5441,10001
5441,10001
5441,10001
5441,10001
5441,10001
5441,10001
5441,10001
5441,10001
5441,10001
5441,10001
5441,10001
5441,10001
5441,10001
5441,10001
5441,10001
5441,10001
5441,10001
5441,10001
5441,10001
5441,10001
5441,10001
5441,10001
5441,10001
5441,10001
5441,10001
5441,10001
5441,10001
5441,10001
5441,10001
1800,10017
1800,10017
1800,10017
1800,10017
1800,10017
1800,10017
1800,10017
1800,10017
1800,10017
1800,10017
1800,10017
1800,10017
1800,10017
1800,10017
1800,10017
1800,10017
1800,10017
1800,10017
1800,10017
1800,10017
1800,10017
1800,10017
1800,10017
1800,10017
1800,10017
1800,10017
1800,10017
1800,10017
1800,10017
1800,10017
1800,10017
1800,10017
1800,10017
1800,10017
1800,10017
1800,10017
1800,10017
1800,10017
1800,10017
1800,10017
1800,10017
1800,10017
1800,10017
1800,10017
1800,10017
1800,10017
1800,10017
1800,10017
1800,10017
1800,10017
1800,10017
1800,10017
1800,10017
1800,10017
1800,10017
1800,10017
1800,10017
1800,10017
1800,10017
1800,10017
1800,10017
1800,10017
1800,10017
1800,10017
1800,10017
1800,10017
1800,10017
1800,10017
1800,10017
1800,10017
1800,10017
1800,10017
1800,10017
1800,10017
1800,10017
1800,10017
1800,10017
1800,10017
1800,10017
1800,10017
1800,10017
1800,10017
1800,10017
1800,10017
1800,10017
1800,10017
1800,10017
1800,10017
1800,10017
1800,10017
1800,10017
1800,10017
1800,10017
1800,10017
1800,10017
1800,10017
1800,10017
1800,10017
1800,10017
1800,10017
1800,10017
1800,10017
1800,10017
1800,10017
1800,10017
1800,10017
1800,10017
1800,10017
1800,10017
1800,10017
1800,10017
1800,10017
1800,10017
1800,10017
1800,10017
1800,10017
1800,10017
1800,10017
1800,10017
1800,10017
1800,10017
1800,10017
1800,10017
1800,10017
1800,10017
1800,10017
1800,10017
1800,10017
1800,10017
1800,10017
1800,10017
1800,10017
1800,10017
1800,10017
1800,10017
1800,10017
1800,10017
1800,10017
1800,10017
1800,10017
1800,10017
1800,10017
1800,10017
1800,10017
1800,10017
1800,10017
1800,10017
1800,10017
1800,10017
1800,10017
1800,10017
1800,10017
1800,10017
1800,10017
1800,10017
1800,10017
1800,10017
1800,10017
1800,10017
1800,10017
1800,10017
1800,10017
1800,10017
1800,10017
1800,10017
1800,10017
1800,10017
1800,10017
1800,10017
1800,10017
1800,10017
1800,10017
1800,10017
1800,10017
1800,10017
1800,10017
1800,10017
1800,10017
1800,10017
1800,10017
1800,10017
1800,10017
1800,10017
1800,10017
1800,10017
1800,10017
1800,10017
1800,10017
1800,10017
1800,10017
1800,10017
1800,10017
1800,10017
1800,10017
1800,10017
1800,10017
1800,10017
1800,10017
1800,10017
1800,10017
1800,10017
1800,10017
1800,10017
1800,10017
1800,10017
1800,10017
1800,10017
1800,10017
1800,10017
1800,10017
1800,10017
1800,10017
1800,10017
1800,10017
1800,10017
1800,10017
1800,10017
1800,10017
1800,10017
1800,10017
1800,10017
1800,10017
1800,10017
1800,10017
1800,10017
1800,10017
1800,10017
1800,10017
1800,10017
1800,10017
1800,10017
1800,10017
1800,10017
1800,10017
1800,10017
1800,10017
1800,10017
1800,10017
1800,10017
1800,10017
1800,10017
1800,10017
1800,10017
1800,10017
1800,10017
1800,10017
1800,10017
1800,10017
1800,10017
1800,10017
1800,10017
1800,10017
1800,10017
1800,10017
1800,10017
1800,10017
1800,10017
1800,10017
1800,10017
1800,10017
1800,10017
1800,10017
1800,10017
1800,10017
1800,10017
1800,10017
1800,10017
1800,10017
1800,10017
1800,10017
1409,10016
1409,10016
1409,10016
1409,10016
1409,10016
1409,10016
1409,10016
1409,10016
1409,10016
1409,10016
1409,10016
1409,10016
1409,10016
1409,10016
1409,10016
1409,10016
1409,10016
1409,10016
1409,10016
1409,10016
1409,10016
1409,10016
1409,10016
1409,10016
1409,10016
1409,10016
1409,10016
1409,10016
1409,10016
1409,10016
1409,10016
1409,10016
1409,10016
1409,10016
1409,10016
1409,10016
1409,10016
1409,10016
1409,10016
1409,10016
1409,10016
1409,10016
1409,10016
1409,10016
1409,10016
1409,10016
1409,10016
1409,10016
1409,10016
1409,10016
1409,10016
1409,10016
1409,10016
1409,10016
1409,10016
1409,10016
1409,10016
1409,10016
1409,10016
1409,10016
1409,10016
1409,10016
1409,10016
1409,10016
1409,10016
1409,10016
1409,10016
1409,10016
1409,10016
1409,10016
1409,10016
1409,10016
1409,10016
1409,10016
1409,10016
1409,10016
1409,10016
1409,10016
1409,10016
1409,10016
1409,10016
1409,10016
1409,10016
1409,10016
1409,10016
1409,10016
1409,10016
1409,10016
1409,10016
1409,10016
1409,10016
1409,10016
1409,10016
1409,10016
1409,10016
1409,10016
1409,10016
1409,10016
1409,10016
1409,10016
1409,10016
1409,10016
1409,10016
1409,10016
1409,10016
1409,10016
1409,10016
1409,10016
1409,10016
1409,10016
1409,10016
1409,10016
1409,10016
1409,10016
1409,10016
1409,10016
1409,10016
1409,10016
1409,10016
1409,10016
1409,10016
1409,10016
1409,10016
1409,10016
1409,10016
1409,10016
1409,10016
1409,10016
1409,10016
1409,10016
1409,10016
1409,10016
1409,10016
1409,10016
1409,10016
1409,10016
1409,10016
1409,10016
1409,10016
1409,10016
1409,10016
1409,10016
1409,10016
1409,10016
1409,10016
1409,10016
1409,10016
1409,10016
1409,10016
1409,10016
1409,10016
1409,10016
1409,10016
1409,10016
1409,10016
1409,10016
1409,10016
1409,10016
1409,10016
1409,10016
1409,10016
1409,10016
1409,10016
1409,10016
1409,10016
1409,10016
1409,10016
1409,10016
1409,10016
1409,10016
1409,10016
1409,10016
1409,10016
1409,10016
1409,10016
1409,10016
1409,10016
1409,10016
1409,10016
1409,10016
1409,10016
1409,10016
1409,10016
1409,10016
1409,10016
1409,10016
1409,10016
1409,10016
1409,10016
1409,10016
1409,10016
1409,10016
1409,10016
1409,10016
1409,10016
1409,10016
1409,10016
1409,10016
1409,10016
1409,10016
1409,10016
1409,10016
1409,10016
1409,10016
1409,10016
1409,10016
1409,10016
1409,10016
1409,10016
1409,10016
1409,10016
1409,10016
1409,10016
1409,10016
1409,10016
1409,10016
1409,10016
1409,10016
1409,10016
1409,10016
1409,10016
1409,10016
1409,10016
1409,10016
1409,10016
1409,10016
1409,10016
1409,10016
1409,10016
1409,10016
1409,10016
1409,10016
1409,10016
1409,10016
1409,10016
1409,10016
1409,10016
1409,10016
1409,10016
1409,10016
1409,10016
1409,10016
1409,10016
1409,10016
1409,10016
1409,10016
1409,10016
1409,10016
1409,10016
1409,10016
1409,10016
1409,10016
1409,10016
1409,10016
1409,10016
1409,10016
1409,10016
1409,10016
1409,10016
1409,10016
1409,10016
1409,10016
1409,10016
1409,10016
1409,10016
1409,10016
1409,10016
1409,10016
1409,10016
1409,10016
1409,10016
1409,10016
1409,10016
1409,10016
1409,10016
1409,10016
1409,10016
1409,10016
1409,10016
1409,10016
1409,10016
1409,10016
1409,10016
1409,10016
1409,10016
1409,10016
1409,10016
1409,10016
1409,10016
1409,10016
1409,10016
1409,10016
1409,10016
1409,10016
1409,10016
1409,10016
1409,10016
1409,10016
1409,10016
1409,10016
1409,10016
1409,10016
1409,10016
1409,10016
1409,10016
1409,10016
1409,10016
1409,10016
1409,10016
1409,10016
1409,10016
1409,10016
1409,10016
1409,10016
1409,10016
1409,10016
1409,10016
1409,10016
1409,10016
1409,10016
1409,10016
1409,10016
1409,10016
1409,10016
1409,10016
1409,10016
1409,10016
1409,10016
5264,10018
5264,10018
5264,10018
5264,10018
5264,10018
5264,10018
5264,10018
5264,10018
5264,10018
5264,10018
5264,10018
5264,10018
5264,10018
5264,10018
5264,10018
5264,10018
5264,10018
5264,10018
5264,10018
5264,10018
5264,10018
5264,10018
5264,10018
5264,10018
5264,10018
5264,10018
5264,10018
5264,10018
5264,10018
5264,10018
5264,10018
5264,10018
5264,10018
5264,10018
5264,10018
5264,10018
5264,10018
5264,10018
5264,10018
5264,10018
5264,10018
5057,10026
5057,10026
5057,10026
5057,10026
5057,10026
5057,10026
5057,10026
5057,10026
5057,10026
5057,10026
5057,10026
5057,10026
5057,10026
5057,10026
5057,10026
5057,10026
5057,10026
5057,10026
5057,10026
5057,10026
5057,10026
5057,10026
5057,10026
5057,10026
5057,10026
5057,10026
5057,10026
5057,10026
5057,10026
5057,10026
5057,10026
5057,10026
5057,10026
5057,10026
5057,10026
5057,10026
5057,10026
5057,10026
5057,10026
5057,10026
5057,10026
5057,10026
5057,10026
5057,10026
5057,10026
5057,10026
5057,10026
5057,10026
5057,10026
5057,10026
5057,10026
5057,10026
5057,10026
5057,10026
5057,10026
5057,10026
5057,10026
5057,10026
5057,10026
5057,10026
5057,10026
5057,10026
5057,10026
5057,10026
5057,10026
5057,10026
5057,10026
5057,10026
3405,10027
3405,10027
3405,10027
3405,10027
3405,10027
3405,10027
3405,10027
3405,10027
3405,10027
3405,10027
3405,10027
3405,10027
3405,10027
3405,10027
3405,10027
3405,10027
3405,10027
3405,10027
3405,10027
3405,10027
3405,10027
3405,10027
3405,10027
3405,10027
3405,10027
3405,10027
3405,10027
3405,10027
3405,10027
3405,10027
3405,10027
3405,10027
3405,10027
3405,10027
3405,10027
3405,10027
3405,10027
3405,10027
3405,10027
3405,10027
3405,10027
3405,10027
3405,10027
3405,10027
3405,10027
3405,10027
3405,10027
3405,10027
3405,10027
3405,10027
3405,10027
3405,10027
3405,10027
3405,10027
3405,10027
3405,10027
3405,10027
3405,10027
3405,10027
3405,10027
3405,10027
3405,10027
3405,10027
3405,10027
3405,10027
3405,10027
3405,10027
3405,10027
3405,10027
3405,10027
3405,10027
3405,10027
3405,10027
3405,10027
3405,10027
3405,10027
3405,10027
4542,10030
4542,10030
4542,10030
4542,10030
4542,10030
4542,10030
4542,10030
4542,10030
4542,10030
4542,10030
4542,10030
4542,10030
4542,10030
4542,10030
4542,10030
4542,10030
4542,10030
4542,10030
4542,10030
4542,10030
4542,10030
4542,10030
4542,10030
4542,10030
4542,10030
4542,10030
4542,10030
4542,10030
4542,10030
4542,10030
4542,10030
4542,10030
4542,10030
4542,10030
4542,10030
4542,10030
4542,10030
4542,10030
4542,10030
4542,10030
4542,10030
4542,10030
2622,10037
2622,10037
2622,10037
2622,10037
2622,10037
2622,10037
2622,10037
2622,10037
2622,10037
2622,10037
2622,10037
2622,10037
2622,10037
2555,10039
2555,10039
2555,10039
2555,10039
2555,10039
2555,10039
2555,10039
2555,10039
2555,10039
5022,10011
5022,10011
5022,10011
5022,10011
5022,10011
5022,10011
5022,10011
5022,10011
5022,10011
5022,10011
5022,10011
5022,10011
5022,10011
5022,10011
5022,10011
5022,10011
5022,10011
5022,10011
5022,10011
5022,10011
5022,10011
5022,10011
5022,10011
5022,10011
5022,10011
5022,10011
5022,10011
5022,10011
5022,10011
5022,10011
5022,10011
5022,10011
5022,10011
5022,10011
5022,10011
5022,10011
5022,10011
5022,10011
5022,10011
5022,10011
5022,10011
5022,10011
5022,10011
5022,10011
5022,10011
5022,10011
5022,10011
5022,10011
5022,10011
5022,10011
5022,10011
5022,10011
5022,10011
5022,10011
5022,10011
5022,10011
5022,10011
5022,10011
5022,10011
5022,10011
5022,10011
5022,10011
5022,10011
5022,10011
5022,10011
5022,10011
5022,10011
5022,10011
5022,10011
5022,10011
5022,10011
5022,10011
5022,10011
5022,10011
5022,10011
5022,10011
5022,10011
5022,10011
5022,10011
5022,10011
5022,10011
5022,10011
5022,10011
5022,10011
5022,10011
5022,10011
5022,10011
5022,10011
5022,10011
5022,10011
5022,10011
5022,10011
5022,10011
5022,10011
5022,10011
5022,10011
5022,10011
5022,10011
5022,10011
5022,10011
5022,10011
5022,10011
5022,10011
5022,10011
5022,10011
5022,10011
5022,10011
5022,10011
5022,10011
5022,10011
5022,10011
5022,10011
5022,10011
5022,10011
5022,10011
5022,10011
5022,10011
5022,10011
5022,10011
5022,10011
5022,10011
5022,10011
5022,10011
5022,10011
5022,10011
5022,10011
5022,10011
5022,10011
5022,10011
5022,10011
5022,10011
5022,10011
5022,10011
5022,10011
5022,10011
5022,10011
5022,10011
5022,10011
5022,10011
5022,10011
5022,10011
1281,10021
1281,10021
1281,10021
1281,10021
1281,10021
1281,10021
1281,10021
1281,10021
1281,10021
1281,10021
1281,10021
1281,10021
1281,10021
1281,10021
1281,10021
1281,10021
1281,10021
1281,10021
1281,10021
1281,10021
1281,10021
1281,10021
1281,10021
1281,10021
1281,10021
1281,10021
1281,10021
1281,10021
1281,10021
1281,10021
1281,10021
1281,10021
1281,10021
1281,10021
1281,10021
1281,10021
1281,10021
1281,10021
1281,10021
1281,10021
1281,10021
1281,10021
1281,10021
1281,10021
1281,10021
1281,10021
1281,10021
1281,10021
1281,10021
1281,10021
1281,10021
1281,10021
1281,10021
1281,10021
1281,10021
1281,10021
1281,10021
1281,10021
1281,10021
1281,10021
1281,10021
1281,10021
1281,10021
1281,10021
1281,10021
1281,10021
1281,10021
1281,10021
1281,10021
1281,10021
1281,10021
1281,10021
1281,10021
1281,10021
1281,10021
1281,10021
1281,10021
1281,10021
1281,10021
1281,10021
1281,10021
1281,10021
1281,10021
1281,10021
1281,10021
1281,10021
1281,10021
1281,10021
1281,10021
1281,10021
1281,10021
1281,10021
1281,10021
1281,10021
1281,10021
1281,10021
1281,10021
1281,10021
1281,10021
1281,10021
1281,10021
1281,10021
1281,10021
1281,10021
1281,10021
1281,10021
1281,10021
1281,10021
1281,10021
1281,10021
1281,10021
1281,10021
1281,10021
1281,10021
1281,10021
1281,10021
1281,10021
1281,10021
1281,10021
1281,10021
1281,10021
1281,10021
1281,10021
1281,10021
1281,10021
1281,10021
1281,10021
1281,10021
1281,10021
1281,10021
1281,10021
1281,10021
1281,10021
1281,10021
1281,10021
1281,10021
1281,10021
1281,10021
1281,10021
1281,10021
1281,10021
1281,10021
1281,10021
1281,10021
1281,10021
1281,10021
1281,10021
1281,10021
1281,10021
1606,10065
1606,10065
1606,10065
1606,10065
1606,10065
1606,10065
1606,10065
1606,10065
1606,10065
1606,10065
1606,10065
1606,10065
1606,10065
1606,10065
1606,10065
1606,10065
1606,10065
1606,10065
1606,10065
1606,10065
1606,10065
1606,10065
1606,10065
1606,10065
1606,10065
1606,10065
1606,10065
1606,10065
1606,10065
1606,10065
1606,10065
1606,10065
1606,10065
1606,10065
1606,10065
1606,10065
1606,10065
1606,10065
1606,10065
1606,10065
1606,10065
1606,10065
1606,10065
1606,10065
1606,10065
1606,10065
1606,10065
1606,10065
1606,10065
1606,10065
1606,10065
1606,10065
1606,10065
1606,10065
1606,10065
1606,10065
1606,10065
1606,10065
1606,10065
1606,10065
1606,10065
1606,10065
1606,10065
1606,10065
1606,10065
1606,10065
1606,10065
1606,10065
1606,10065
1606,10065
1606,10065
1606,10065
1606,10065
1606,10065
1606,10065
1606,10065
1606,10065
1606,10065
1606,10065
1606,10065
1606,10065
1606,10065
1606,10065
1606,10065
1606,10065
1606,10065
1606,10065
1606,10065
1606,10065
1606,10065
1606,10065
1606,10065
1606,10065
1606,10065
1606,10065
1606,10065
1606,10065
1606,10065
1606,10065
1606,10065
1606,10065
1606,10065
1606,10065
1606,10065
1606,10065
1606,10065
1606,10065
1606,10065
1606,10065
1606,10065
1606,10065
1606,10065
1606,10065
1606,10065
1606,10065
1606,10065
1606,10065
1606,10065
1606,10065
1606,10065
1606,10065
1606,10065
1606,10065
1606,10065
1606,10065
1606,10065
1606,10065
1606,10065
1606,10065
1606,10065
1606,10065
1606,10065
1606,10065
1606,10065
1606,10065
1606,10065
1606,10065
1606,10065
1606,10065
1606,10065
1606,10065
1606,10065
1606,10065
1606,10065
1606,10065
2611,10023
2611,10023
2611,10023
2611,10023
2611,10023
2611,10023
2611,10023
2611,10023
2611,10023
2611,10023
2611,10023
2611,10023
2611,10023
2611,10023
2611,10023
2611,10023
2611,10023
2611,10023
2611,10023
2611,10023
2611,10023
2611,10023
2611,10023
2611,10023
2611,10023
2611,10023
2611,10023
2611,10023
2611,10023
2611,10023
2611,10023
2611,10023
2611,10023
2611,10023
2611,10023
2611,10023
2611,10023
2611,10023
2611,10023
2611,10023
2611,10023
2611,10023
2611,10023
2611,10023
2611,10023
2611,10023
2611,10023
2611,10023
2611,10023
2611,10023
2611,10023
2611,10023
2611,10023
2611,10023
2611,10023
2611,10023
2611,10023
2611,10023
2611,10023
2611,10023
2611,10023
2611,10023
2611,10023
2611,10023
2611,10023
2611,10023
2611,10023
2611,10023
2611,10023
2611,10023
2611,10023
2611,10023
2611,10023
2611,10023
2611,10023
2611,10023
2611,10023
2611,10023
2611,10023
2611,10023
2611,10023
2611,10023
2611,10023
2611,10023
2611,10023
2611,10023
2611,10023
2611,10023
2611,10023
2611,10023
2611,10023
2611,10023
2611,10023
2611,10023
2611,10023
2611,10023
2611,10023
2611,10023
2611,10023
2611,10023
2611,10023
2611,10023
2611,10023
2611,10023
2611,10023
2611,10023
2611,10023
2611,10023
2611,10023
2611,10023
2611,10023
2611,10023
2611,10023
2611,10023
2611,10023
2611,10023
2611,10023
2611,10023
2611,10023
2611,10023
2611,10023
2611,10023
2611,10023
2611,10023
2611,10023
2611,10023
2611,10023
2611,10023
2611,10023
2611,10023
2611,10023
2611,10023
2611,10023
2611,10023
2611,10023
3804,10012
3804,10012
3804,10012
3804,10012
3804,10012
3804,10012
3804,10012
3804,10012
3804,10012
3804,10012
3804,10012
3804,10012
3804,10012
3804,10012
3804,10012
3804,10012
3804,10012
3804,10012
3804,10012
3804,10012
3804,10012
3804,10012
3804,10012
3804,10012
3804,10012
3804,10012
3804,10012
3804,10012
3804,10012
3804,10012
3804,10012
3804,10012
3804,10012
3804,10012
3804,10012
3804,10012
3804,10012
3804,10012
3804,10012
3804,10012
3804,10012
3804,10012
3804,10012
3804,10012
3804,10012
3804,10012
3804,10012
3804,10012
3804,10012
3804,10012
3804,10012
3804,10012
3804,10012
3804,10012
3804,10012
3804,10012
3804,10012
3804,10012
3804,10012
3804,10012
3804,10012
3804,10012
3804,10012
3804,10012
3804,10012
3804,10012
3804,10012
3804,10012
3804,10012
3804,10012
3804,10012
3804,10012
3804,10012
3804,10012
3804,10012
3804,10012
3804,10012
3804,10012
3804,10012
3804,10012
3804,10012
3804,10012
3804,10012
3804,10012
3804,10012
3804,10012
3804,10012
3804,10012
3804,10012
3804,10012
3804,10012
3804,10012
1199,10013
1199,10013
1199,10013
1199,10013
1199,10013
1199,10013
1199,10013
1199,10013
1199,10013
1199,10013
1199,10013
1199,10013
1199,10013
1199,10013
1199,10013
1199,10013
1199,10013
1199,10013
1199,10013
1199,10013
1199,10013
1199,10013
1199,10013
1199,10013
1199,10013
1199,10013
1199,10013
1199,10013
1199,10013
1199,10013
1199,10013
1199,10013
1199,10013
1199,10013
1199,10013
1199,10013
1199,10013
1199,10013
1199,10013
1199,10013
1199,10013
1199,10013
1199,10013
1199,10013
1199,10013
1199,10013
1199,10013
1199,10013
1199,10013
1199,10013
1199,10013
1199,10013
1199,10013
1199,10013
1199,10013
1199,10013
1199,10013
1199,10013
1199,10013
1199,10013
1199,10013
1199,10013
1199,10013
1199,10013
1199,10013
1199,10013
1199,10013
1199,10013
1199,10013
1199,10013
1199,10013
1199,10013
1199,10013
1199,10013
1199,10013
1199,10013
1199,10013
1199,10013
1199,10013
1199,10013
1199,10013
1199,10013
1199,10013
1199,10013
1199,10013
1199,10013
1199,10013
1199,10013
1199,10013
1199,10013
1199,10013
1199,10013
1199,10013
1199,10013
1199,10013
1199,10013
1199,10013
1199,10013
1199,10013
1199,10013
1199,10013
1199,10013
1199,10013
1199,10013
1199,10013
1199,10013
1199,10013
1199,10013
1199,10013
1199,10013
1199,10013
1199,10013
1199,10013
1199,10013
1199,10013
1199,10013
1199,10013
1199,10013
1199,10013
1199,10013
1199,10013
1199,10013
1199,10013
1199,10013
1199,10013
1199,10013
1199,10013
1199,10013
1199,10013
1199,10013
1199,10013
1199,10013
1199,10013
1199,10013
1199,10013
1199,10013
1199,10013
1199,10013
1199,10013
1199,10013
1199,10013
1199,10013
1199,10013
1199,10013
1199,10013
1199,10013
1199,10013
1199,10013
1199,10013
1199,10013
1199,10013
1199,10013
1199,10013
1199,10013
1199,10013
1199,10013
1199,10013
1199,10013
1199,10013
1199,10013
1199,10013
1199,10013
1199,10013
1199,10013
1199,10013
1199,10013
1199,10013
1199,10013
1199,10013
1199,10013
1199,10013
1439,10014
1439,10014
1439,10014
1439,10014
1439,10014
1439,10014
1439,10014
1439,10014
1439,10014
1439,10014
1439,10014
1439,10014
1439,10014
1439,10014
1439,10014
1439,10014
1439,10014
1439,10014
1439,10014
1439,10014
1439,10014
1439,10014
1439,10014
1439,10014
1439,10014
1439,10014
1439,10014
1439,10014
1439,10014
1439,10014
1439,10014
1439,10014
1439,10014
1439,10014
1439,10014
1439,10014
1439,10014
1439,10014
1439,10014
1439,10014
1439,10014
1439,10014
1439,10014
1439,10014
1439,10014
1439,10014
1439,10014
1439,10014
1439,10014
1439,10014
1439,10014
1439,10014
1439,10014
1439,10014
1439,10014
1439,10014
1439,10014
1439,10014
1439,10014
1439,10014
1439,10014
1439,10014
1439,10014
1439,10014
1439,10014
1439,10014
1439,10014
1439,10014
1439,10014
1439,10014
1439,10014
1439,10014
1439,10014
1439,10014
1439,10014
1439,10014
1439,10014
1439,10014
1439,10014
1439,10014
1439,10014
1439,10014
1439,10014
1439,10014
1439,10014
1439,10014
1439,10014
1439,10014
1439,10014
1439,10014
1439,10014
1439,10014
1439,10014
1439,10014
1439,10014
1439,10014
1439,10014
1439,10014
1439,10014
1439,10014
1439,10014
1439,10014
1439,10014
1439,10014
1439,10014
1439,10014
1439,10014
1439,10014
1439,10014
1439,10014
1439,10014
1439,10014
1439,10014
1439,10014
1439,10014
1439,10014
1439,10014
1439,10014
1439,10014
1439,10014
1439,10014
1439,10014
1439,10014
1439,10014
1439,10014
1439,10014
1439,10014
1439,10014
1439,10014
1439,10014
1439,10014
1439,10014
1439,10014
1439,10014
1439,10014
1439,10014
1439,10014
1439,10014
1439,10014
1439,10014
2091,10031
2091,10031
2091,10031
2091,10031
2091,10031
2091,10031
2091,10031
2091,10031
2091,10031
2091,10031
2091,10031
2091,10031
2091,10031
2091,10031
2091,10031
2091,10031
2091,10031
2091,10031
2091,10031
2091,10031
2091,10031
2091,10031
2091,10031
2091,10031
2091,10031
2091,10031
2091,10031
2091,10031
2091,10031
2091,10031
2091,10031
2091,10031
2091,10031
2091,10031
2091,10031
2091,10031
2091,10031
2091,10031
2091,10031
4026,10032
4026,10032
4026,10032
4026,10032
4026,10032
4026,10032
4026,10032
4026,10032
4026,10032
4026,10032
4026,10032
4026,10032
4026,10032
4026,10032
4026,10032
4026,10032
4026,10032
4026,10032
4026,10032
4026,10032
4026,10032
4026,10032
4026,10032
4026,10032
4026,10032
4026,10032
4026,10032
4026,10032
4026,10032
4026,10032
4026,10032
4026,10032
4510,10034
4510,10034
4510,10034
4510,10034
4510,10034
4510,10034
4510,10034
4510,10034
4510,10034
4510,10034
4510,10034
4510,10034
4510,10034
4510,10034
4510,10034
4510,10034
4510,10034
4510,10034
4510,10034
4510,10034
4510,10034
4510,10034
4510,10034
846,10044
846,10044
846,10044
2692,10028
2692,10028
2692,10028
2692,10028
2692,10028
2692,10028
2692,10028
2692,10028
2692,10028
2692,10028
2692,10028
2692,10028
2692,10028
2692,10028
2692,10028
2692,10028
2692,10028
2692,10028
2692,10028
2692,10028
2692,10028
2692,10028
2692,10028
2692,10028
2692,10028
2692,10028
2692,10028
2692,10028
2692,10028
2692,10028
2692,10028
2692,10028
2692,10028
2692,10028
2692,10028
2692,10028
2692,10028
2692,10028
2692,10028
2692,10028
2692,10028
2692,10028
2692,10028
2692,10028
2692,10028
2692,10028
2692,10028
2692,10028
2692,10028
2692,10028
2692,10028
2692,10028
2692,10028
2692,10028
2692,10028
2692,10028
2692,10028
2692,10028
2692,10028
2692,10028
2692,10028
2692,10028
2692,10028
2692,10028
2692,10028
2692,10028
2692,10028
2692,10028
2692,10028
2692,10028
2692,10028
2692,10028
2692,10028
2692,10028
2692,10028
2692,10028
2692,10028
2692,10028
2692,10028
2692,10028
2692,10028
2692,10028
2692,10028
2692,10028
2692,10028
2692,10028
2692,10028
2692,10028
2692,10028
2692,10028
2692,10028
2692,10028
2692,10028
2692,10028
2692,10028
2692,10028
2692,10028
2692,10028
2692,10028
2692,10028
2692,10028
2692,10028
2692,10028
2692,10028
2692,10028
2692,10028
2692,10028
2692,10028
2692,10028
2692,10028
2692,10028
2692,10028
2692,10028
2692,10028
2692,10028
2692,10028
2692,10028
2692,10028
2692,10028
2692,10028
2692,10028
2692,10028
2692,10028
2692,10028
2692,10028
2692,10028
2692,10028
2692,10028
2692,10028
2692,10028
2692,10028
2692,10028
2692,10028
2692,10028
2692,10028
2692,10028
2692,10028
2692,10028
2692,10028
2692,10028
2692,10028
2692,10028
2692,10028
2692,10028
150,10024
150,10024
150,10024
150,10024
150,10024
150,10024
150,10024
150,10024
150,10024
150,10024
150,10024
150,10024
150,10024
150,10024
150,10024
150,10024
150,10024
150,10024
150,10024
150,10024
150,10024
150,10024
150,10024
150,10024
150,10024
150,10024
150,10024
150,10024
150,10024
150,10024
150,10024
150,10024
150,10024
150,10024
150,10024
150,10024
150,10024
150,10024
150,10024
150,10024
150,10024
150,10024
150,10024
150,10024
150,10024
150,10024
150,10024
150,10024
150,10024
150,10024
150,10024
150,10024
150,10024
150,10024
150,10024
150,10024
150,10024
150,10024
150,10024
150,10024
150,10024
150,10024
150,10024
150,10024
150,10024
150,10024
150,10024
150,10024
150,10024
150,10024
150,10024
150,10024
150,10024
150,10024
150,10024
150,10024
150,10024
150,10024
150,10024
150,10024
150,10024
150,10024
150,10024
150,10024
150,10024
150,10024
150,10024
150,10024
150,10024
150,10024
150,10024
150,10024
150,10024
150,10024
150,10024
150,10024
150,10024
150,10024
150,10024
150,10024
150,10024
150,10024
150,10024
150,10024
150,10024
150,10024
150,10024
150,10024
150,10024
150,10024
150,10024
150,10024
150,10024
150,10024
150,10024
150,10024
150,10024
150,10024
150,10024
150,10024
150,10024
150,10024
150,10024
150,10024
150,10024
150,10024
150,10024
150,10024
150,10024
150,10024
150,10024
150,10024
150,10024
150,10024
150,10024
150,10024
2421,10025
2421,10025
2421,10025
2421,10025
2421,10025
2421,10025
2421,10025
2421,10025
2421,10025
2421,10025
2421,10025
2421,10025
2421,10025
2421,10025
2421,10025
2421,10025
2421,10025
2421,10025
2421,10025
2421,10025
2421,10025
2421,10025
2421,10025
2421,10025
2421,10025
2421,10025
2421,10025
2421,10025
2421,10025
2421,10025
2421,10025
2421,10025
2421,10025
2421,10025
2421,10025
2421,10025
2421,10025
2421,10025
2421,10025
2421,10025
2421,10025
2421,10025
2421,10025
2421,10025
2421,10025
2421,10025
2421,10025
2421,10025
2421,10025
2421,10025
2421,10025
2421,10025
2421,10025
2421,10025
2421,10025
2421,10025
2421,10025
2421,10025
2421,10025
2421,10025
2421,10025
2421,10025
2421,10025
2421,10025
2421,10025
2421,10025
2421,10025
2421,10025
2421,10025
2421,10025
2421,10025
2421,10025
2421,10025
2421,10025
2421,10025
2421,10025
2421,10025
2421,10025
2421,10025
2421,10025
2421,10025
2421,10025
2421,10025
2421,10025
2421,10025
2421,10025
2421,10025
2421,10025
2421,10025
2421,10025
2421,10025
2421,10025
2421,10025
2421,10025
2421,10025
2421,10025
2421,10025
6110,10002
6110,10002
6110,10002
6110,10002
6110,10002
6110,10002
6110,10002
6110,10002
6110,10002
6110,10002
6110,10002
6110,10002
6110,10002
6110,10002
6110,10002
6110,10002
6110,10002
6110,10002
6110,10002
6110,10002
6110,10002
6110,10002
6110,10002
6110,10002
6110,10002
6110,10002
6110,10002
6110,10002
6110,10002
6110,10002
6110,10002
6110,10002
6110,10002
6110,10002
6110,10002
6110,10002
6110,10002
6110,10002
6110,10002
6110,10002
6110,10002
6110,10002
6110,10002
6110,10002
6110,10002
6110,10002
6110,10002
6110,10002
6110,10002
6110,10002
6110,10002
6110,10002
6110,10002
6110,10002
6110,10002
6110,10002
6110,10002
6110,10002
6110,10002
6110,10002
6110,10002
6110,10002
6110,10002
6110,10002
6110,10002
6110,10002
6110,10002
6110,10002
6110,10002
6110,10002
6110,10002
6110,10002
6110,10002
6110,10002
6110,10002
6110,10002
6110,10002
6110,10002
6110,10002
6110,10002
6110,10002
6110,10002
6110,10002
6110,10002
6110,10002
6110,10002
6110,10002
6110,10002
6110,10002
6110,10002
6110,10002
6110,10002
6110,10002
6110,10002
6110,10002
6110,10002
6110,10002
6110,10002
6110,10002
6110,10002
6110,10002
6110,10002
6110,10002
6110,10002
6110,10002
6110,10002
6110,10002
6110,10002
6110,10002
6110,10002
6110,10002
6110,10002
6110,10002
6110,10002
6110,10002
6110,10002
6110,10002
3914,10003
3914,10003
3914,10003
3914,10003
3914,10003
3914,10003
3914,10003
3914,10003
3914,10003
3914,10003
3914,10003
3914,10003
3914,10003
3914,10003
3914,10003
3914,10003
3914,10003
3914,10003
3914,10003
3914,10003
3914,10003
3914,10003
3914,10003
3914,10003
3914,10003
3914,10003
3914,10003
3914,10003
3914,10003
3914,10003
3914,10003
3914,10003
3914,10003
3914,10003
3914,10003
3914,10003
3914,10003
3914,10003
3914,10003
3914,10003
3914,10003
3914,10003
3914,10003
3914,10003
3914,10003
3914,10003
3914,10003
3914,10003
3914,10003
3914,10003
3914,10003
3914,10003
3914,10003
3914,10003
3914,10003
3914,10003
3914,10003
3914,10003
3914,10003
3914,10003
3914,10003
3914,10003
3914,10003
3914,10003
3914,10003
3914,10003
3914,10003
3914,10003
3914,10003
3914,10003
3914,10003
3914,10003
3914,10003
3914,10003
3914,10003
3914,10003
3914,10003
3914,10003
3914,10003
3914,10003
3914,10003
3914,10003
3914,10003
3914,10003
3914,10003
3914,10003
3914,10003
3914,10003
3914,10003
3914,10003
3914,10003
3914,10003
3914,10003
3914,10003
3914,10003
3914,10003
3914,10003
3914,10003
3914,10003
3914,10003
3914,10003
3914,10003
3914,10003
3914,10003
3914,10003
3914,10003
3914,10003
3914,10003
3914,10003
3914,10003
3914,10003
3914,10003
3914,10003
3914,10003
3914,10003
3914,10003
3914,10003
3914,10003
3914,10003
3914,10003
3914,10003
3914,10003
3914,10003
3914,10003
3914,10003
3914,10003
3914,10003
3914,10003
3914,10003
3914,10003
3914,10003
3914,10003
3914,10003
3914,10003
3567,10009
3567,10009
3567,10009
3567,10009
3567,10009
3567,10009
3567,10009
3567,10009
3567,10009
3567,10009
3567,10009
3567,10009
3567,10009
3567,10009
3567,10009
3567,10009
3567,10009
3567,10009
3567,10009
3567,10009
3567,10009
3567,10009
3567,10009
3567,10009
3567,10009
3567,10009
3567,10009
3567,10009
3567,10009
3567,10009
3567,10009
3567,10009
3567,10009
3567,10009
805,10007
805,10007
805,10007
805,10007
805,10007
805,10007
805,10007
805,10007
805,10007
805,10007
805,10007
805,10007
805,10007
805,10007
805,10007
805,10007
805,10007
805,10007
805,10007
805,10007
805,10007
805,10007
805,10007
805,10007
805,10007
805,10007
805,10007
805,10007
805,10007
805,10007
805,10007
805,10007
805,10007
805,10007
805,10007
805,10007
805,10007
805,10007
805,10007
805,10007
805,10007
805,10007
805,10007
805,10007
805,10007
805,10007
805,10007
805,10007
805,10007
805,10007
805,10007
805,10007
805,10007
805,10007
805,10007
805,10007
805,10007
805,10007
805,10007
805,10007
805,10007
805,10007
805,10007
805,10007
805,10007
1064,10038
1064,10038
1064,10038
1064,10038
1064,10038
1064,10038
1064,10038
1064,10038
1064,10038
1064,10038
1064,10038
1064,10038
1064,10038
1064,10038
1064,10038
1064,10038
1064,10038
1064,10038
1064,10038
1064,10038
1064,10038
1064,10038
1064,10038
1064,10038
1064,10038
1064,10038
1064,10038
1064,10038
1064,10038
1064,10038
1064,10038
1064,10038
1064,10038
1064,10038
1064,10038
1064,10038
1064,10038
1064,10038
1064,10038
1064,10038
1064,10038
1064,10038
1064,10038
1064,10038
1064,10038
1064,10038
1064,10038
1064,10038
1064,10038
1064,10038
1064,10038
1064,10038
1064,10038
1064,10038
1064,10038
1064,10038
1064,10038
1064,10038
1064,10038
1064,10038
1064,10038
1064,10038
1064,10038
1064,10038
1064,10038
1064,10038
1064,10038
1064,10038
1064,10038
1064,10038
1064,10038
1064,10038
1064,10038
1064,10038
1064,10038
1064,10038
1064,10038
1064,10038